Workbook

Sheet PERT Schedule
A1: Task | B1: Description | C1: Predecessor | D1: Successor | E1: Optimistic Time | F1: Most Likely Time | G1: Pessimistic Time | H1: ET | I1: ES | J1: EF | K1: LS | L1: LF | M1: Slack
A2: Planning Phase
A3: A | B3: Defining System Objectives and Scope | C3: None | D3: B | E3: 3 | F3: 4 | G3: 5 | H3: =ROUND((E3+4*F3+G3)/6,0) -> 4 | I3: 0 | J3: =I3+H3 -> 4 | K3: =L3-H3 -> 0 | L3: =K4 -> 4 | M3: =K3-I3 -> 0
A4: B | B4: Identifying Project Hardware and Software Components | C4: A | D4: C | E4: 3 | F4: 4 | G4: 5 | H4: =ROUND((E4+4*F4+G4)/6,0) -> 4 | I4: =J3 -> 4 | J4: =I4+H4 -> 8 | K4: =L4-H4 -> 4 | L4: =K5 -> 8 | M4: =K4-I4 -> 0
A5: C | B5: Conduct Feasibility Study | C5: B | D5: D | E5: 2 | F5: 3 | G5: 7 | H5: =ROUND((E5+4*F5+G5)/6,0) -> 4 | I5: =J4 -> 8 | J5: =I5+H5 -> 12 | K5: =L5-H5 -> 8 | L5: =K6 -> 12 | M5: =K5-I5 -> 0
A6: D | B6: Create Project Timeline | C6: C | D6: E,F | E6: 1 | F6: 2 | G6: 5 | H6: =ROUND((E6+4*F6+G6)/6,0) -> 2 | I6: =J5 -> 12 | J6: =I6+H6 -> 14 | K6: =L6-H6 -> 12 | L6: =MIN(K8:K9) -> 14 | M6: =K6-I6 -> 0
A7: Design Phase
A8: E | B8: Design System Prototype | C8: D | D8: G | E8: 3 | F8: 4 | G8: 9 | H8: =ROUND((E8+4*F8+G8)/6,0) -> 5 | I8: =J6 -> 14 | J8: =I8+H8 -> 19 | K8: =L8-H8 -> 14 | L8: =K10 -> 19 | M8: =K8-I8 -> 0
A9: F | B9: Design User Interface (UI) | C9: D | D9: G | E9: 3 | F9: 4 | G9: 5 | H9: =ROUND((E9+4*F9+G9)/6,0) -> 4 | I9: =J6 -> 14 | J9: =I9+H9 -> 18 | K9: =L9-H9 -> 15 | L9: =K10 -> 19 | M9: =K9-I9 -> 1
A10: G | B10: Design Integrations of API and Libraries | C10: E,F | D10: H,I | E10: 2 | F10: 3 | G10: 5 | H10: =ROUND((E10+4*F10+G10)/6,0) -> 3 | I10: =MAX(J8:J9) -> 19 | J10: =I10+H10 -> 22 | K10: =L10-H10 -> 19 | L10: =MIN(K12:K13) -> 22 | M10: =K10-I10 -> 0
A11: Development Phase
A12: H | B12: Develop Frontend and API | C12: G | D12: J | E12: 2 | F12: 3 | G12: 8 | H12: =ROUND((E12+4*F12+G12)/6,0) -> 4 | I12: =J10 -> 22 | J12: =I12+H12 -> 26 | K12: =L12-H12 -> 23 | L12: =K14 -> 27 | M12: =K12-I12 -> 1
A13: I | B13: Develop Backend | C13: G | D13: J | E13: 3 | F13: 5 | G13: 9 | H13: =ROUND((E13+4*F13+G13)/6,0) -> 5 | I13: =J10 -> 22 | J13: =I13+H13 -> 27 | K13: =L13-H13 -> 22 | L13: =K14 -> 27 | M13: =K13-I13 -> 0
A14: J | B14: Develop Prototype | C14: H,I | D14: K,L | E14: 2 | F14: 4 | G14: 7 | H14: =ROUND((E14+4*F14+G14)/6,0) -> 4 | I14: =MAX(J12:J13) -> 27 | J14: =I14+H14 -> 31 | K14: =L14-H14 -> 27 | L14: =MIN(K16:K17) -> 31 | M14: =K14-I14 -> 0
A15: Testing Phase
A16: K | B16: Conduct Testing and Trials | C16: J | D16: M | E16: 2 | F16: 3 | G16: 5 | H16: =ROUND((E16+4*F16+G16)/6,0) -> 3 | I16: =J14 -> 31 | J16: =I16+H16 -> 34 | K16: =L16-H16 -> 32 | L16: =K18 -> 35 | M16: =K16-I16 -> 1
A17: L | B17: Fix Hardware and Software Issues | C17: J | D17: M | E17: 2 | F17: 4 | G17: 6 | H17: =ROUND((E17+4*F17+G17)/6,0) -> 4 | I17: =J14 -> 31 | J17: =I17+H17 -> 35 | K17: =L17-H17 -> 31 | L17: =K18 -> 35 | M17: =K17-I17 -> 0
A18: M | B18: Conduct User Testing and Evaluate User Acceptance | C18: K,L | D18: N | E18: 1 | F18: 3 | G18: 5 | H18: =ROUND((E18+4*F18+G18)/6,0) -> 3 | I18: =MAX(J16:J17) -> 35 | J18: =I18+H18 -> 38 | K18: =L18-H18 -> 35 | L18: =K19 -> 38 | M18: =K18-I18 -> 0
A19: N | B19: Deploy Final System | C19: M | D19: O | E19: 2 | F19: 4 | G19: 5 | H19: =ROUND((E19+4*F19+G19)/6,0) -> 4 | I19: =J18 -> 38 | J19: =I19+H19 -> 42 | K19: =L19-H19 -> 38 | L19: =K21 -> 42 | M19: =K19-I19 -> 0
A20: Deployment Phase
A21: O | B21: Prepare System Documentation | C21: N | D21: None | E21: 3 | F21: 4 | G21: 6 | H21: =ROUND((E21+4*F21+G21)/6,0) -> 4 | I21: =J19 -> 42 | J21: =I21+H21 -> 46 | K21: =L21-H21 -> 42 | L21: =J21 -> 46 | M21: =K21-I21 -> 0

Sheet PERT Diagram
R6: ='PERT Schedule'!$I$8 -> 14 | S6: ='PERT Schedule'!$H$8 -> 5 | T6: ='PERT Schedule'!$J$8 -> 19 | Z6: ='PERT Schedule'!$I$12 -> 22 | AA6: ='PERT Schedule'!$H$12 -> 4 | AB6: ='PERT Schedule'!$J$12 -> 26 | AH6: ='PERT Schedule'!$I$16 -> 31 | AI6: ='PERT Schedule'!$H$16 -> 3 | AJ6: ='PERT Schedule'!$J$16 -> 34
R7: E | Z7: H | AH7: K
R8: ='PERT Schedule'!$K$8 -> 14 | S8: ='PERT Schedule'!$M$8 -> 0 | T8: ='PERT Schedule'!$L$8 -> 19 | Z8: ='PERT Schedule'!$K$12 -> 23 | AA8: ='PERT Schedule'!$M$12 -> 1 | AB8: ='PERT Schedule'!$L$12 -> 27 | AH8: ='PERT Schedule'!$K$16 -> 32 | AI8: ='PERT Schedule'!$M$16 -> 1 | AJ8: ='PERT Schedule'!$L$16 -> 35
B9: ='PERT Schedule'!$I$3 -> 0 | C9: ='PERT Schedule'!$H$3 -> 4 | D9: ='PERT Schedule'!$J$3 -> 4 | F9: ='PERT Schedule'!$I$4 -> 4 | G9: ='PERT Schedule'!$H$4 -> 4 | H9: ='PERT Schedule'!$J$4 -> 8 | J9: ='PERT Schedule'!$I$5 -> 8 | K9: ='PERT Schedule'!$H$5 -> 4 | L9: ='PERT Schedule'!$J$5 -> 12 | N9: ='PERT Schedule'!$I$6 -> 12 | O9: ='PERT Schedule'!$H$6 -> 2 | P9: ='PERT Schedule'!$J$6 -> 14 | V9: ='PERT Schedule'!$I$10 -> 19 | W9: ='PERT Schedule'!$H$10 -> 3 | X9: ='PERT Schedule'!$J$10 -> 22 | AD9: ='PERT Schedule'!$I$14 -> 27 | AE9: ='PERT Schedule'!$H$14 -> 4 | AF9: ='PERT Schedule'!$J$14 -> 31 | AL9: ='PERT Schedule'!$I$18 -> 35 | AM9: ='PERT Schedule'!$H$18 -> 3 | AN9: ='PERT Schedule'!$J$18 -> 38 | AP9: ='PERT Schedule'!$I$19 -> 38 | AQ9: ='PERT Schedule'!$H$19 -> 4 | AR9: ='PERT Schedule'!$J$19 -> 42 | AT9: ='PERT Schedule'!$I$21 -> 42 | AU9: ='PERT Schedule'!$H$21 -> 4 | AV9: ='PERT Schedule'!$J$21 -> 46
B10: A | F10: B | J10: C | N10: D | V10: G | AD10: J | AL10: M | AP10: N | AT10: O
B11: ='PERT Schedule'!$K$3 -> 0 | C11: ='PERT Schedule'!$M$3 -> 0 | D11: ='PERT Schedule'!$L$3 -> 4 | F11: ='PERT Schedule'!$K$4 -> 4 | G11: ='PERT Schedule'!$M$4 -> 0 | H11: ='PERT Schedule'!$L$4 -> 8 | J11: ='PERT Schedule'!$K$5 -> 8 | K11: ='PERT Schedule'!$M$5 -> 0 | L11: ='PERT Schedule'!$L$5 -> 12 | N11: ='PERT Schedule'!$K$6 -> 12 | O11: ='PERT Schedule'!$M$6 -> 0 | P11: ='PERT Schedule'!$L$6 -> 14 | V11: ='PERT Schedule'!$K10 -> 19 | W11: ='PERT Schedule'!$M10 -> 0 | X11: ='PERT Schedule'!$L10 -> 22 | AD11: ='PERT Schedule'!$K$14 -> 27 | AE11: ='PERT Schedule'!$M$14 -> 0 | AF11: ='PERT Schedule'!$L$14 -> 31 | AL11: ='PERT Schedule'!$K$18 -> 35 | AM11: ='PERT Schedule'!$M$18 -> 0 | AN11: ='PERT Schedule'!$L$18 -> 38 | AP11: ='PERT Schedule'!$K$19 -> 38 | AQ11: ='PERT Schedule'!$M$19 -> 0 | AR11: ='PERT Schedule'!$L$19 -> 42 | AT11: ='PERT Schedule'!$K$21 -> 42 | AU11: ='PERT Schedule'!$M$21 -> 0 | AV11: ='PERT Schedule'!$L$21 -> 46
R12: ='PERT Schedule'!$I$9 -> 14 | S12: ='PERT Schedule'!$H$9 -> 4 | T12: ='PERT Schedule'!$J$9 -> 18 | Z12: ='PERT Schedule'!$I$13 -> 22 | AA12: ='PERT Schedule'!$H$13 -> 5 | AB12: ='PERT Schedule'!$J$13 -> 27 | AH12: ='PERT Schedule'!$I$17 -> 31 | AI12: ='PERT Schedule'!$H$17 -> 4 | AJ12: ='PERT Schedule'!$J$17 -> 35
R13: F | Z13: I | AH13: L
R14: ='PERT Schedule'!$K$9 -> 15 | S14: ='PERT Schedule'!$M$9 -> 1 | T14: ='PERT Schedule'!$L$9 -> 19 | Z14: ='PERT Schedule'!$K$13 -> 22 | AA14: ='PERT Schedule'!$M$13 -> 0 | AB14: ='PERT Schedule'!$L$13 -> 27 | AH14: ='PERT Schedule'!$K$17 -> 31 | AI14: ='PERT Schedule'!$M$17 -> 0 | AJ14: ='PERT Schedule'!$L$17 -> 35
C15: Critical Path (46 weeks)
C16: A -> B -> C -> D -> E -> G -> I -> J -> L -> M -> N -> O

Sheet Gantt Chart
C1: Week
A2: Task | B2: Description | C2: 1 | D2: 2 | E2: 3 | F2: 4 | G2: 5 | H2: 6 | I2: 7 | J2: 8 | K2: 9 | L2: 10 | M2: 11 | N2: 12 | O2: 13 | P2: 14 | Q2: 15 | R2: 16 | S2: 17 | T2: 18 | U2: 19 | V2: 20 | W2: 21 | X2: 22 | Y2: 23 | Z2: 24 | AA2: 25 | AB2: 26 | AC2: 27 | AD2: 28 | AE2: 29 | AF2: 30 | AG2: 31 | AH2: 32 | AI2: 33 | AJ2: 34 | AK2: 35 | AL2: 36 | AM2: 37 | AN2: 38 | AO2: 39 | AP2: 40 | AQ2: 41 | AR2: 42 | AS2: 43 | AT2: 44 | AU2: 45 | AV2: 46
A3: Planning Phase
A4: A | B4: Defining System Objectives and Scope
A5: B | B5: Identifying Project Hardware and Software Components
A6: C | B6: Conduct Feasibility Study
A7: D | B7: Create Project Timeline
A8: Design Phase
A9: E | B9: Design System Prototype
A10: F | B10: Design User Interface (UI)
A11: G | B11: Design Integrations of API and Libraries
A12: Development Phase
A13: H | B13: Develop Frontend and API
A14: I | B14: Develop Backend
A15: J | B15: Develop Prototype
A16: Testing Phase
A17: K | B17: Conduct Testing and Trials
A18: L | B18: Fix Hardware and Software Issues
A19: M | B19: Conduct User Testing and Evaluate User Acceptance
A20: N | B20: Deploy Final System
A21: Deployment Phase
A22: O | B22: Prepare System Documentation
